Sample_id	Variable	Value
TCGA-06-0675-11A-32R-A36H-07	Cancer_Type	GBM
TCGA-06-0675-11A-32R-A36H-07	1/2-SBSRNA4	3.18073422220701
TCGA-06-0675-11A-32R-A36H-07	tAKR	0
TCGA-ZU-A8S4-11A-11R-A41I-07	Cancer_Type	CHOL
TCGA-ZU-A8S4-11A-11R-A41I-07	1/2-SBSRNA4	0.227014015554126
TCGA-ZU-A8S4-11A-11R-A41I-07	tAKR	6.87369838906958
