SampleID	Variable	Value
GSM38055	Alcohol_Consumption	Yes
GSM38055	Years_of_Tobacco_Use	46-50
GSM38055	ENSG00000000003	2.88366766705882
GSM38055	ENSG00000282742	-0.205481483333333
GSM353939	Alcohol_Consumption	No
GSM353939	Years_of_Tobacco_Use	16-20
GSM353939	ENSG00000000003	2.19587590647059
GSM353939	ENSG00000282742	-0.0185500322222222
